covariate,treated_mean,matched_control_mean,std_mean_diff
pre_gmv_mean,9819.427823215134,9017.932395655263,0.2624740321429856
pre_gmv_trend,0.0050385260123055175,0.0026457592260471434,1.0269293592954274
pre_gmv_vol,0.04174070871611316,0.0305486842248642,1.0664697819789322
pscore,0.6913469841016436,0.48500570636198004,1.1089266638809658
