cohort,att,se,ci_low,ci_high,n_treated_mkts,n_control_mkts
early,0.20108093230096102,0.011440510187070102,0.17865753233430362,0.22350433226761843,8,32
mid,0.07851001761474663,0.0062663548675379365,0.06622796207437227,0.09079207315512099,8,24
late,0.06120538078027771,0.009631194005996735,0.0423282405285241,0.08008252103203131,8,16
