cohort,att,se,ci_low,ci_high,n_treated_mkts,n_control_mkts
early,0.20463565008202167,0.011840262021416843,0.18142873652004465,0.22784256364399869,8,16
mid,0.08010368486923802,0.006940466624076894,0.06650037028604731,0.09370699945242873,8,16
late,0.06120538078027771,0.009631194005996735,0.0423282405285241,0.08008252103203131,8,16
