covariate,treated_mean,control_mean,std_mean_diff
pre_gmv_mean,9819.427823215134,8671.990369426348,0.37887010458369086
pre_gmv_trend,0.0050385260123055175,0.0024471475994805566,1.1044153984621028
pre_gmv_vol,0.04174070871611316,0.030139512982109748,1.0968796455072936
pscore,0.6913469841016436,0.46296070436847425,1.2026599069315727
