covariate,treated_mean,matched_control_mean,std_mean_diff
pre_gmv_mean,9819.427823215134,11299.059883642776,-0.45100171397670297
pre_gmv_trend,0.0050385260123055175,0.0033849404320871294,0.7341316846749976
pre_gmv_vol,0.04174070871611316,0.03210799210598719,0.9249934159298931
pscore,0.6913469841016436,0.5890448416967282,0.5607834039880784
